{"cameraMode":{"drawMode":0,"name":"Shaded","section":"Shading Mode"},"sceneLighting":false,"audioPlay":false,"sceneViewState":{"showFog":true,"showMaterialUpdate":false,"showSkybox":true,"showFlares":true,"showImageEffects":true,"showParticleSystems":true},"in2DMode":false,"pivot":{"x":3.1800003051757814,"y":2.0960001945495607,"z":3.552255153656006},"rotation":{"x":-0.1836370974779129,"y":0.03565328195691109,"z":-0.006681525614112616,"w":-0.9823246002197266},"size":4.624762058258057,"orthographic":false}